Landing,Landing Website,Vessel,Vessel Website
Fisherman's Landing,https://www.fishermanslanding.com/index.php,Bight Sportfishing,https://www.fishermanslanding.com/boats/bightsportfishing.php
Fisherman's Landing,https://www.fishermanslanding.com/index.php,Constitution,https://www.fishermanslanding.com/boats/constitution.php
Fisherman's Landing,https://www.fishermanslanding.com/index.php,Dolphin,https://www.fishermanslanding.com/boats/dolphin.php
Fisherman's Landing,https://www.fishermanslanding.com/index.php,Fortune,https://www.fishermanslanding.com/boats/fortune.php
Fisherman's Landing,https://www.fishermanslanding.com/index.php,Islander,https://www.fishermanslanding.com/boats/islander.php
Fisherman's Landing,https://www.fishermanslanding.com/index.php,Liberty,https://www.fishermanslanding.com/boats/liberty.php
Fisherman's Landing,https://www.fishermanslanding.com/index.php,Lucky B Sportfishing,https://www.fishermanslanding.com/boats/luckybsportfishing.php
Fisherman's Landing,https://www.fishermanslanding.com/index.php,Pacific Dawn,https://www.fishermanslanding.com/boats/pacificdawn.php
Fisherman's Landing,https://www.fishermanslanding.com/index.php,Pacific Queen,https://www.fishermanslanding.com/boats/pacificqueen.php
Fisherman's Landing,https://www.fishermanslanding.com/index.php,Pegasus,https://www.fishermanslanding.com/boats/pegasus.php
Fisherman's Landing,https://www.fishermanslanding.com/index.php,Tomahawk,https://www.fishermanslanding.com/boats/tomahawk.php
Fisherman's Landing,https://www.fishermanslanding.com/index.php,Tradtion,https://www.fishermanslanding.com/boats/tradition.php
Fisherman's Landing,https://www.fishermanslanding.com/index.php,Excel,https://www.fishermanslanding.com/boats/excel.php
Fisherman's Landing,https://www.fishermanslanding.com/index.php,Royal Polaris,https://www.fishermanslanding.com/boats/royalpolaris.php
Fisherman's Landing,https://www.fishermanslanding.com/index.php,Royal Star,https://www.fishermanslanding.com/boats/royalstar.php
Fisherman's Landing,https://www.fishermanslanding.com/index.php,Searcher,https://www.fishermanslanding.com/boats/searcher.php
Fisherman's Landing,https://www.fishermanslanding.com/index.php,Shogun,https://www.fishermanslanding.com/boats/shogun.php
H&M Landing,https://www.hmlanding.com/,Alicia,https://www.hmlanding.com/boat/alicia
H&M Landing,https://www.hmlanding.com/,Daiwa Pacific,https://www.hmlanding.com/boat/daiwa-pacific
H&M Landing,https://www.hmlanding.com/,Excalibur,https://www.hmlanding.com/boat/excalibur
H&M Landing,https://www.hmlanding.com/,Legend,https://www.hmlanding.com/boat/legend
H&M Landing,https://www.hmlanding.com/,Grande,https://www.hmlanding.com/boat/grande
H&M Landing,https://www.hmlanding.com/,Horizon,https://www.hmlanding.com/boat/horizon
H&M Landing,https://www.hmlanding.com/,Malihini,https://www.hmlanding.com/boat/malihini
H&M Landing,https://www.hmlanding.com/,Ocean Odyssey,https://www.hmlanding.com/boat/ocean-odyssey
H&M Landing,https://www.hmlanding.com/,Old Glory,https://www.hmlanding.com/boat/old-glory
H&M Landing,https://www.hmlanding.com/,Poseidon,https://www.hmlanding.com/boat/poseidon
H&M Landing,https://www.hmlanding.com/,Premier,https://www.hmlanding.com/boat/premier
H&M Landing,https://www.hmlanding.com/,Producer,https://www.hmlanding.com/boat/producer
H&M Landing,https://www.hmlanding.com/,Ranger 85,https://www.hmlanding.com/boat/ranger-85
H&M Landing,https://www.hmlanding.com/,Red Rooster III,https://www.hmlanding.com/boat/red-rooster-iii
H&M Landing,https://www.hmlanding.com/,Relentless,https://www.hmlanding.com/boat/relentless
H&M Landing,https://www.hmlanding.com/,Sea Adventure 80,https://www.hmlanding.com/boat/sea-adventure-80
H&M Landing,https://www.hmlanding.com/,Top Gun 80,https://www.hmlanding.com/boat/top-gun-80
H&M Landing,https://www.hmlanding.com/,Spirit of Adventure,https://www.hmlanding.com/boat/spirit-of-adventure
H&M Landing,https://www.hmlanding.com/,Vendetta 2,https://www.hmlanding.com/boat/vendetta2
Point Loma Sportfishing,https://www.pointlomasportfishing.com/index.php,Daily Double,https://www.pointlomasportfishing.com/fleet/dailydouble.php
Point Loma Sportfishing,https://www.pointlomasportfishing.com/index.php,El Capitan,https://www.pointlomasportfishing.com/fleet/elcapitan.php
Point Loma Sportfishing,https://www.pointlomasportfishing.com/index.php,Mission Belle,https://www.pointlomasportfishing.com/fleet/missionbelle.php
Point Loma Sportfishing,https://www.pointlomasportfishing.com/index.php,New Lo-An,https://www.pointlomasportfishing.com/fleet/newloan.php
Point Loma Sportfishing,https://www.pointlomasportfishing.com/index.php,Oceanside 95,https://www.pointlomasportfishing.com/fleet/oceanside95.php
Point Loma Sportfishing,https://www.pointlomasportfishing.com/index.php,Point Loma,https://www.pointlomasportfishing.com/fleet/pointloma.php
Point Loma Sportfishing,https://www.pointlomasportfishing.com/index.php,Success,https://www.pointlomasportfishing.com/fleet/success.php
Point Loma Sportfishing,https://www.pointlomasportfishing.com/index.php,American Angler,https://www.pointlomasportfishing.com/fleet/americanangler.php
Point Loma Sportfishing,https://www.pointlomasportfishing.com/index.php,Independence,https://www.pointlomasportfishing.com/fleet/independence.php
Point Loma Sportfishing,https://www.pointlomasportfishing.com/index.php,Intrepid,https://www.pointlomasportfishing.com/fleet/intrepid.php
Point Loma Sportfishing,https://www.pointlomasportfishing.com/index.php,Vagabond,https://www.pointlomasportfishing.com/fleet/vagabond.php
Seaforth Landing,https://www.seaforthlanding.com/,Apollo,https://www.seaforthlanding.com/boats/apollo.php
Seaforth Landing,https://www.seaforthlanding.com/,Aztec,https://www.seaforthlanding.com/boats/aztec.php
Seaforth Landing,https://www.seaforthlanding.com/,Cortez,https://www.seaforthlanding.com/boats/cortez.php
Seaforth Landing,https://www.seaforthlanding.com/,Highliner,https://www.seaforthlanding.com/boats/highliner.php
Seaforth Landing,https://www.seaforthlanding.com/,New Seaforth,https://www.seaforthlanding.com/boats/newseaforth.php
Seaforth Landing,https://www.seaforthlanding.com/,Outer Limits,https://www.seaforthlanding.com/boats/outerlimits.php
Seaforth Landing,https://www.seaforthlanding.com/,Pacific Voyager,https://www.seaforthlanding.com/boats/pacificvoyager.php
Seaforth Landing,https://www.seaforthlanding.com/,Pacifica,https://www.seaforthlanding.com/boats/pacifica.php
Seaforth Landing,https://www.seaforthlanding.com/,Polaris Supreme,https://www.seaforthlanding.com/boats/polarissupreme.php
Seaforth Landing,https://www.seaforthlanding.com/,San Diego,https://www.seaforthlanding.com/boats/sandiego.php
Seaforth Landing,https://www.seaforthlanding.com/,Sea Watch,https://www.seaforthlanding.com/boats/seawatch.php
Seaforth Landing,https://www.seaforthlanding.com/,Tribute,https://www.seaforthlanding.com/boats/tribute.php
Seaforth Landing,https://www.seaforthlanding.com/,Voyager,https://www.seaforthlanding.com/boats/voyager.php
Dana Wharf Sportfishing,https://danawharf.com/,Dana Pride,https://danawharf.com/our-boats/dana-pride/
Dana Wharf Sportfishing,https://danawharf.com/,Clemente,https://danawharf.com/our-boats/clemente/
Dana Wharf Sportfishing,https://danawharf.com/,Sum Fun,https://danawharf.com/our-boats/sum-fun/
Dana Wharf Sportfishing,https://danawharf.com/,New San Mateo,https://danawharf.com/our-boats/new-san-mateo/
Dana Wharf Sportfishing,https://danawharf.com/,Fury,https://danawharf.com/our-boats/fury/
Dana Wharf Sportfishing,https://danawharf.com/,Reel Fun,https://danawharf.com/our-boats/reel-fun/
Dana Wharf Sportfishing,https://danawharf.com/,Helena,https://danawharf.com/our-boats/helena/
Davey's Locker,https://daveyslocker.com/,Western Pride,https://daveyslocker.com/fishing-charters-boat-rentals/fishing-boat-rentals/#westernpride
Davey's Locker,https://daveyslocker.com/,Freelance,https://daveyslocker.com/fishing-charters-boat-rentals/fishing-boat-rentals/#freelance
Davey's Locker,https://daveyslocker.com/,Thunderbird,https://daveyslocker.com/fishing-charters-boat-rentals/fishing-boat-rentals/#thunderbird
Davey's Locker,https://daveyslocker.com/,Aggressor,https://daveyslocker.com/fishing-charters-boat-rentals/fishing-boat-rentals/#aggressor
Pierpoint Landing,https://pierpoint.net/,Toronado,https://pierpoint.net/boat/134
Pierpoint Landing,https://pierpoint.net/,City of Long Beach,https://pierpoint.net/boat/136
Pierpoint Landing,https://pierpoint.net/,Enterprise,https://pierpoint.net/boat/137
Long Beach Sportfishing,https://www.longbeachsportfishing.org/,Ahra-Ahn,https://www.longbeachsportfishing.org/boats/ahraahn.php
Long Beach Sportfishing,https://www.longbeachsportfishing.org/,El Dorado,https://www.longbeachsportfishing.org/boats/eldorado.php
Long Beach Sportfishing,https://www.longbeachsportfishing.org/,Victory,https://www.longbeachsportfishing.org/boats/victory.php
Long Beach Sportfishing,https://www.longbeachsportfishing.org/,El Patron,https://www.longbeachsportfishing.org/boats/elpatron.php
22nd St. Landing,https://www.22ndstreet.com/index.php,Amigo,https://www.22ndstreet.com/boats/amigo.php
22nd St. Landing,https://www.22ndstreet.com/index.php,Apollo,https://www.22ndstreet.com/boats/apollo.php
22nd St. Landing,https://www.22ndstreet.com/index.php,Freedom,https://www.22ndstreet.com/boats/freedom.php
22nd St. Landing,https://www.22ndstreet.com/index.php,Monte Carlo,https://www.22ndstreet.com/boats/montecarlo.php
22nd St. Landing,https://www.22ndstreet.com/index.php,Native Sun,https://www.22ndstreet.com/boats/nativesun.php
22nd St. Landing,https://www.22ndstreet.com/index.php,Pride,https://www.22ndstreet.com/boats/pride.php
22nd St. Landing,https://www.22ndstreet.com/index.php,Pursuit,https://www.22ndstreet.com/boats/pursuit.php
22nd St. Landing,https://www.22ndstreet.com/index.php,Truline,https://www.22ndstreet.com/boats/truline.php
Redondo Beach Sportfishing,https://www.redondosportfishing.com/,Redondo Special,https://www.redondosportfishing.com/boat/168
Redondo Beach Sportfishing,https://www.redondosportfishing.com/,Pescador,https://www.redondosportfishing.com/boat/328
Redondo Beach Sportfishing,https://www.redondosportfishing.com/,Navegante,https://www.redondosportfishing.com/boat/51
Marina Del Rey Sportfishing,https://mdrsf.com/,New Del Mar,https://mdrsf.com/new-del-mar/
Marina Del Rey Sportfishing,https://mdrsf.com/,Betty-O,https://mdrsf.com/betty-o/
Marina Del Rey Sportfishing,https://mdrsf.com/,Spitfire,https://mdrsf.com/spitfire/
Channel Island Sportfishing,https://www.channelislandssportfishing.com/,Aloha Spirit,https://www.channelislandssportfishing.com/aloha-spirit-sportfishing/
Channel Island Sportfishing,https://www.channelislandssportfishing.com/,Cobra,https://www.channelislandssportfishing.com/cobra-sportfishing/
Channel Island Sportfishing,https://www.channelislandssportfishing.com/,Graylight,https://www.channelislandssportfishing.com/graylight-sportfishing/
Channel Island Sportfishing,https://www.channelislandssportfishing.com/,Gentleman,https://www.channelislandssportfishing.com/gentleman-sportfishing/
Channel Island Sportfishing,https://www.channelislandssportfishing.com/,Island Fox,https://www.channelislandssportfishing.com/island-fox/
Channel Island Sportfishing,https://www.channelislandssportfishing.com/,Island Tak,https://www.channelislandssportfishing.com/island-tak-sportfishing/
Channel Island Sportfishing,https://www.channelislandssportfishing.com/,Mirage,https://www.channelislandssportfishing.com/mirage-sportfishing/
Channel Island Sportfishing,https://www.channelislandssportfishing.com/,New Hustler,https://www.channelislandssportfishing.com/new-hustler/
Channel Island Sportfishing,https://www.channelislandssportfishing.com/,Ranger 85,https://www.channelislandssportfishing.com/ranger-85-sportfishing/
Channel Island Sportfishing,https://www.channelislandssportfishing.com/,Seabiscuit,https://www.channelislandssportfishing.com/seabiscuit-sportfishing/
Channel Island Sportfishing,https://www.channelislandssportfishing.com/,Speed Twin,https://www.channelislandssportfishing.com/speed-twin-sportfishing/
Hook's Landing,https://www.hookslanding.net/,Coroloma,https://www.hookslanding.net/boats/coroloma.php
Ventura Harbor Sportfishing ,https://venturasportfishing.com/,Endeavor,https://venturasportfishing.com/boat/67
Ventura Harbor Sportfishing ,https://venturasportfishing.com/,Pacific Eagle,https://venturasportfishing.com/boat/179
Ventura Harbor Sportfishing ,https://venturasportfishing.com/,Californian,https://venturasportfishing.com/boat/362
Ventura Harbor Sportfishing ,https://venturasportfishing.com/,Island Spirit,https://venturasportfishing.com/boat/282
Stardust Sportfishing,https://www.stardustsportfishing.com/,Coral Sea,https://www.stardustsportfishing.com/galleries/1056-the-coral-sea
Stardust Sportfishing,https://www.stardustsportfishing.com/,Stardust,https://www.stardustsportfishing.com/galleries/1058-stardust-gallery
Morro Bay Landing,https://morrobaylanding.com/,Starfire,https://morrobaylanding.com/our-fleet/starfire/
Morro Bay Landing,https://morrobaylanding.com/,Avenger,https://morrobaylanding.com/our-fleet/avenger/
Morro Bay Landing,https://morrobaylanding.com/,Flying Fish,https://morrobaylanding.com/our-fleet/elementor-748/
Morro Bay Landing,https://morrobaylanding.com/,Patriot,https://morrobaylanding.com/our-fleet/patriot/
Morro Bay Landing,https://morrobaylanding.com/,Endeavor,https://morrobaylanding.com/our-fleet/endeavor/
